SampleID,CIN
trio01_pretumour,0.35563498310793207
trio02_pretumour,0.9432575153524276
trio03_pretumour,0.9012829322791795
trio04_pretumour,0.2808190380623044
trio05_pretumour,0.49697106206915237
trio06_pretumour,0.44260108524133174
trio07_pretumour,0.8582524020168506
trio08_pretumour,0.8873126382893168
trio09_pretumour,0.9968770093550388
trio10_pretumour,0.3496665175287392
trio11_pretumour,0.0713318412524582
trio12_pretumour,0.00021576321350422607
trio13_pretumour,0.36940801141441587
trio14_pretumour,0.5628404603583604
trio15_pretumour,0.8681890501420607
trio16_pretumour,0.9370825825300791
trio17_pretumour,0.4352569944587582
trio18_pretumour,0.07499282221066293
trio19_pretumour,0.40136423783060726
trio20_pretumour,0.01916731447301994
trio21_pretumour,0.91347617321489
trio22_pretumour,0.6499980337262927
trio23_pretumour,0.9592421571209852
trio24_pretumour,0.9111770449708022
trio25_pretumour,0.08179732360093253
trio26_pretumour,0.03375933887075541
trio27_pretumour,0.00012834284206183935
trio28_pretumour,0.06980881199024092
trio29_pretumour,0.052808281924167956
trio30_pretumour,0.23780727016563877
