sample	SBS1	SBS5	SBS40
C171115D-CO31	0.7003728658520245	0.26093864752241136	0.03868848662556418
CLONESTE0098	1.0	0.0	0.0
STE99CLONE	0.6494404890927881	0.0	0.350559510907212
PD21928b3	0.7662509207846506	0.2205294013005329	0.013219677914816581
ste0111ep4	0.39580404207149184	0.47383459685264545	0.13036136107586266
C30913DClone12	0.1489009739512772	0.0	0.8510990260487228
STE0111FP4	0.9759525432719226	0.0	0.024047456728077468
C171115D-CO34	0.7319837236555743	0.0	0.2680162763444258
C171115D-LI32	0.1666598326065685	0.4246014727437614	0.40873869464967005
PD26636b3	0.8598059892293674	0.0	0.14019401077063262
STE007231	1.0	0.0	0.0
PD26636b5	0.7490320413710548	0.2509679586289452	0.0
PD23549b9	0.6399725496184899	0.36002745038151024	0.0
ste01166a	1.0	0.0	0.0
ste01167f	1.0	0.0	0.0
C30913DClone10	0.2299962898145299	0.0	0.7700037101854701
ste01205a	0.9361622647478907	0.0	0.06383773525210928
PD23549b10	0.5557766271131356	0.3440188152670456	0.1002045576198189
PD23549b5	0.6005230119550607	0.012430899642942474	0.3870460884019967
CLONESTE0097	0.9249023499834321	0.0	0.07509765001656792
clone3	0.16581192882583445	0.25464097939150904	0.5795470917826565
STE007632	1.0	0.0	0.0
C211014D16CR	0.1554963148530171	0.8445036851469828	0.0
STE1207A	0.8190593479446232	0.0	0.18094065205537677
PD23549b4	0.5316939616319015	0.35667722153332215	0.11162881683477616
STE0105clone	0.8205799476897311	0.0	0.17942005231026886
C211014D12DR	0.10343149671148356	0.8100550255566115	0.08651347773190488
PD21928b4	0.6986042536411957	0.2913489706868403	0.0100467756719641
C171115D-LI31	0.19609393100775238	0.11459830813377772	0.6893077608584699
clone10	0.2173673509728396	0.3698256073052265	0.4128070417219339
PD26636b4	0.6831215034071574	0.24900926887132532	0.0678692277215173
PD21928b5	0.6778317547547457	0.25942037263274265	0.06274787261251162
PD26636b6	0.7854973731574424	0.0	0.21450262684255766
STE100CLONE	0.7679314192915572	0.0	0.2320685807084428
STE0106clone	0.6347987067858549	0.12265933657111205	0.24254195664303296
STE007223	1.0	0.0	0.0
STE007212	1.0	0.0	0.0
PD21928b7	0.7677562865894266	0.2322437134105735	0.0
STE007612	1.0	0.0	0.0
PD21928b6	0.5284827560284783	0.3545703904818734	0.11694685348964828
C120215D2C	0.16008744907807068	0.03370432083708553	0.8062082300848439
STE007623	0.8990276572590667	0.0	0.10097234274093322
PD23549b3	0.8474580787911536	0.038582667755065365	0.11395925345378109
ste01205f	0.9913040731701138	0.0	0.008695926829886173
C171115D-LI21	0.1815882260821198	0.37169635577207305	0.4467154181458072
