	nonsynonmous	TMB_All	TMB_nonsynonmous
mean	94.52851711026616	2.427802510356399	1.5635670801106263
median	32.0	0.7774125207050179	0.529302141756608
max	6006.0	155.9621842069705	99.34339573094334
min	0.0	0.016540691929894	0.0
Q1	21.0	0.529302141756608	0.34735453052777393
Q3	57.0	1.4845271007079863	0.9428194400039579
